h,t,t,p,s,:,/,/,w,w,w,.,s,u,p,e,r,c,a,s,a,s,.,c,o,m,/,a,p,a,r,t,a,m,e,n,t,o,s,-,v,e,n,t,a,-,y,-,a,l,q,u,i,l,e,r,-,p,i,a,n,t,i,n,i,/,1,2,8,9,4,7,4,/
h,t,t,p,s,:,/,/,w,w,w,.,s,u,p,e,r,c,a,s,a,s,.,c,o,m,/,a,p,a,r,t,a,m,e,n,t,o,s,-,a,l,q,u,i,l,e,r,-,l,a,-,j,u,l,i,a,/,1,2,9,0,0,3,3,/
h,t,t,p,s,:,/,/,w,w,w,.,s,u,p,e,r,c,a,s,a,s,.,c,o,m,/,a,p,a,r,t,a,m,e,n,t,o,s,-,a,l,q,u,i,l,e,r,-,b,e,l,l,a,-,v,i,s,t,a,/,1,2,9,6,0,1,5,/
h,t,t,p,s,:,/,/,w,w,w,.,s,u,p,e,r,c,a,s,a,s,.,c,o,m,/,a,p,a,r,t,a,m,e,n,t,o,s,-,a,l,q,u,i,l,e,r,-,g,a,z,c,u,e,/,1,2,8,9,3,3,3,/
https://www.supercasas.com/apartamentos-alquiler-piantini/1300082/
https://www.supercasas.com/penthouse-alquiler-bella-vista-sur/1290691/
https://www.supercasas.com/apartamentos-alquiler-republica-de-colombia/1302215/
https://www.supercasas.com/oficinas-alquiler-evaristo-morales/1268197/
https://www.supercasas.com/apartamentos-alquiler-naco/1300793/
https://www.supercasas.com/apartamentos-venta-y-alquiler-serralles/1286102/
https://www.supercasas.com/apartamentos-alquiler-piantini/1303568/
https://www.supercasas.com/apartamentos-alquiler-bella-vista/1299646/
https://www.supercasas.com/oficinas-venta-y-alquiler-naco/1303874/
https://www.supercasas.com/apartamentos-venta-y-alquiler-evaristo-morales/1303279/
https://www.supercasas.com/oficinas-alquiler-naco/1229105/
https://www.supercasas.com/apartamentos-alquiler-evaristo-morales/1303014/
https://www.supercasas.com/apartamentos-alquiler-naco/1303081/
https://www.supercasas.com/apartamentos-alquiler-naco/1251943/
https://www.supercasas.com/apartamentos-venta-y-alquiler-piantini/1289502/
https://www.supercasas.com/apartamentos-alquiler-evaristo-morales/1302995/
https://www.supercasas.com/apartamentos-alquiler-costa-azul/1303199/
https://www.supercasas.com/apartamentos-alquiler-renacimiento/1298819/
https://www.supercasas.com/apartamentos-alquiler-la-esperilla/1303921/
https://www.supercasas.com/apartamentos-alquiler-naco/1300793/
https://www.supercasas.com/apartamentos-alquiler-bella-vista/1299646/
https://www.supercasas.com/apartamentos-alquiler-ciudad-nueva/1292628/
https://www.supercasas.com/apartamentos-alquiler-evaristo-morales/1302995/
https://www.supercasas.com/apartamentos-alquiler-juan-dolio/1274294/
https://www.supercasas.com/apartamentos-alquiler-naco/1303081/
https://www.supercasas.com/apartamentos-alquiler-la-esperilla/1303538/
https://www.supercasas.com/penthouse-alquiler-bella-vista-sur/1290691/
https://www.supercasas.com/apartamentos-alquiler-renacimiento/1298819/
https://www.supercasas.com/apartamentos-alquiler-naco/1251943/
https://www.supercasas.com/oficinas-alquiler-evaristo-morales/1268197/
https://www.supercasas.com/apartamentos-alquiler-naco/1303188/
https://www.supercasas.com/apartamentos-alquiler-republica-de-colombia/1302215/
https://www.supercasas.com/apartamentos-alquiler-bella-vista-norte/1288795/
https://www.supercasas.com/apartamentos-alquiler-urbanizacion-fernandez/1303765/
https://www.supercasas.com/oficinas-venta-y-alquiler-naco/1303874/
https://www.supercasas.com/apartamentos-alquiler-bella-vista/1286216/
https://www.supercasas.com/oficinas-alquiler-naco/1229105/
https://www.supercasas.com/apartamentos-alquiler-naco/1300545/
https://www.supercasas.com/apartamentos-alquiler-costa-azul/1303195/
https://www.supercasas.com/apartamentos-alquiler-piantini/1303568/
https://www.supercasas.com/apartamentos-alquiler-evaristo-morales/1303946/
https://www.supercasas.com/apartamentos-alquiler-costa-azul/1303199/
https://www.supercasas.com/apartamentos-alquiler-piantini/1296545/
https://www.supercasas.com/apartamentos-alquiler-piantini/1279617/
https://www.supercasas.com/apartamentos-alquiler-evaristo-morales/1253892/
https://www.supercasas.com/apartamentos-venta-y-alquiler-piantini/1292084/
https://www.supercasas.com/apartamentos-alquiler-piantini/1271561/
https://www.supercasas.com/apartamentos-alquiler-urbanizacion-real/1300557/
https://www.supercasas.com/apartamentos-venta-y-alquiler-evaristo-morales/1266865/
https://www.supercasas.com/apartamentos-alquiler-naco/1301035/
https://www.supercasas.com/apartamentos-alquiler-evaristo-morales/1270852/
https://www.supercasas.com/apartamentos-alquiler-mirador-sur/1297474/
https://www.supercasas.com/apartamentos-alquiler-evaristo-morales/1274154/
https://www.supercasas.com/apartamentos-alquiler-naco/1244298/
https://www.supercasas.com/apartamentos-alquiler-evaristo-morales/1297837/
https://www.supercasas.com/apartamentos-alquiler-naco/1294762/
https://www.supercasas.com/apartamentos-alquiler-evaristo-morales/1304073/
https://www.supercasas.com/apartamentos-alquiler-bella-vista-norte/1304072/
https://www.supercasas.com/apartamentos-alquiler-evaristo-morales/1266864/
https://www.supercasas.com/apartamentos-alquiler-piantini/1246986/
https://www.supercasas.com/apartamentos-venta-y-alquiler-la-esperilla/1291696/
https://www.supercasas.com/apartamentos-alquiler-naco/1277156/
https://www.supercasas.com/apartamentos-alquiler-piantini/1268389/
https://www.supercasas.com/apartamentos-alquiler-evaristo-morales/1301768/
https://www.supercasas.com/apartamentos-alquiler-mirador-norte/1300038/
https://www.supercasas.com/apartamentos-alquiler-la-esperilla/1291688/
https://www.supercasas.com/apartamentos-alquiler-piantini/1296545/
https://www.supercasas.com/apartamentos-alquiler-piantini/1279617/
https://www.supercasas.com/apartamentos-alquiler-evaristo-morales/1253892/
https://www.supercasas.com/apartamentos-venta-y-alquiler-piantini/1292084/
https://www.supercasas.com/apartamentos-alquiler-piantini/1271561/
https://www.supercasas.com/apartamentos-alquiler-urbanizacion-real/1300557/
https://www.supercasas.com/apartamentos-venta-y-alquiler-evaristo-morales/1266865/
https://www.supercasas.com/apartamentos-alquiler-naco/1301035/
https://www.supercasas.com/apartamentos-alquiler-evaristo-morales/1270852/
https://www.supercasas.com/apartamentos-alquiler-mirador-sur/1297474/
https://www.supercasas.com/apartamentos-alquiler-evaristo-morales/1274154/
https://www.supercasas.com/apartamentos-alquiler-naco/1244298/
https://www.supercasas.com/apartamentos-alquiler-evaristo-morales/1297837/
https://www.supercasas.com/apartamentos-alquiler-naco/1294762/
https://www.supercasas.com/apartamentos-alquiler-evaristo-morales/1304073/
https://www.supercasas.com/apartamentos-alquiler-bella-vista-norte/1304072/
https://www.supercasas.com/apartamentos-alquiler-evaristo-morales/1266864/
https://www.supercasas.com/apartamentos-alquiler-piantini/1246986/
https://www.supercasas.com/apartamentos-venta-y-alquiler-la-esperilla/1291696/
https://www.supercasas.com/apartamentos-alquiler-naco/1277156/
https://www.supercasas.com/apartamentos-alquiler-piantini/1268389/
https://www.supercasas.com/apartamentos-alquiler-evaristo-morales/1301768/
https://www.supercasas.com/apartamentos-alquiler-mirador-norte/1300038/
https://www.supercasas.com/apartamentos-alquiler-la-esperilla/1291688/
https://www.supercasas.com/apartamentos-alquiler-piantini/1279617/
https://www.supercasas.com/apartamentos-venta-y-alquiler-piantini/1292084/
https://www.supercasas.com/apartamentos-alquiler-piantini/1293836/
https://www.supercasas.com/apartamentos-alquiler-piantini/1291691/
https://www.supercasas.com/apartamentos-alquiler-piantini/1296023/
https://www.supercasas.com/apartamentos-alquiler-piantini/1291228/
https://www.supercasas.com/apartamentos-alquiler-los-cacicazgos/1292532/
https://www.supercasas.com/apartamentos-alquiler-evaristo-morales/1297911/
https://www.supercasas.com/apartamentos-alquiler-evaristo-morales/1274154/
https://www.supercasas.com/apartamentos-alquiler-el-paraiso/1292533/
https://www.supercasas.com/apartamentos-alquiler-bella-vista/1295282/
https://www.supercasas.com/apartamentos-alquiler-evaristo-morales/1266864/
https://www.supercasas.com/apartamentos-alquiler-la-esperilla/1291688/
https://www.supercasas.com/apartamentos-alquiler-evaristo-morales/1295290/
https://www.supercasas.com/apartamentos-alquiler-bella-vista/1294224/
https://www.supercasas.com/apartamentos-alquiler-bella-vista-norte/1302110/
https://www.supercasas.com/apartamentos-venta-y-alquiler-la-esperilla/1291696/
https://www.supercasas.com/apartamentos-alquiler-evaristo-morales/1301768/
https://www.supercasas.com/apartamentos-alquiler-piantini/1294100/
https://www.supercasas.com/apartamentos-alquiler-piantini/1268389/
https://www.supercasas.com/apartamentos-alquiler-los-cacicazgos/1302109/
https://www.supercasas.com/apartamentos-alquiler-mirador-norte/1300038/
https://www.supercasas.com/apartamentos-alquiler-mirador-norte/1291684/
https://www.supercasas.com/apartamentos-alquiler-los-cacicazgos/1292330/
https://www.supercasas.com/apartamentos-alquiler-evaristo-morales/1282716/
https://www.supercasas.com/apartamentos-alquiler-los-cacicazgos/1303049/
https://www.supercasas.com/apartamentos-alquiler-piantini/1297032/
https://www.supercasas.com/apartamentos-alquiler-piantini/1292747/
https://www.supercasas.com/apartamentos-alquiler-costa-azul/1303199/
https://www.supercasas.com/apartamentos-alquiler-bella-vista-norte/1288795/
https://www.supercasas.com/apartamentos-alquiler-evaristo-morales/1297005/
https://www.supercasas.com/apartamentos-alquiler-piantini/1298592/
https://www.supercasas.com/apartamentos-alquiler-los-cacicazgos/1292378/
https://www.supercasas.com/apartamentos-alquiler-paseo-del-parque/1299589/
https://www.supercasas.com/casas-alquiler-altos-de-las-praderas/1304187/
https://www.supercasas.com/apartamentos-alquiler-piantini/1301918/
https://www.supercasas.com/casas-alquiler-altos-de-arroyo-hondo-ii/1303560/
https://www.supercasas.com/apartamentos-alquiler-la-julia/1286847/
https://www.supercasas.com/apartamentos-alquiler-arroyo-hondo-viejo/1302330/
https://www.supercasas.com/apartamentos-alquiler-piantini/1296017/
https://www.supercasas.com/apartamentos-alquiler-renacimiento/1292097/
https://www.supercasas.com/apartamentos-alquiler-naco/1293046/
https://www.supercasas.com/casas-venta-y-alquiler-la-meseta/1278486/
https://www.supercasas.com/apartamentos-venta-y-alquiler-piantini/1291147/
https://www.supercasas.com/apartamentos-venta-y-alquiler-renacimiento/1301946/
https://www.supercasas.com/apartamentos-alquiler-piantini/1304479/
https://www.supercasas.com/apartamentos-alquiler-serralles/1273494/
https://www.supercasas.com/apartamentos-alquiler-piantini/1291499/
https://www.supercasas.com/apartamentos-alquiler-los-restauradores/1298672/
https://www.supercasas.com/apartamentos-alquiler-piantini/1301722/
https://www.supercasas.com/apartamentos-alquiler-naco/1293087/
https://www.supercasas.com/apartamentos-alquiler-piantini/1296453/
https://www.supercasas.com/apartamentos-alquiler-naco/1293044/
https://www.supercasas.com/apartamentos-alquiler-piantini/1300157/
https://www.supercasas.com/apartamentos-alquiler-serralles/1291483/
https://www.supercasas.com/apartamentos-alquiler-piantini/1304233/
https://www.supercasas.com/apartamentos-alquiler-urbanizacion-fernandez/1301897/
https://www.supercasas.com/apartamentos-alquiler-piantini/1275260/
https://www.supercasas.com/apartamentos-alquiler-piantini/1299001/
https://www.supercasas.com/apartamentos-alquiler-piantini/1301918/
https://www.supercasas.com/casas-alquiler-altos-de-arroyo-hondo-ii/1303560/
https://www.supercasas.com/apartamentos-alquiler-la-julia/1286847/
https://www.supercasas.com/apartamentos-alquiler-arroyo-hondo-viejo/1302330/
https://www.supercasas.com/apartamentos-alquiler-piantini/1296017/
https://www.supercasas.com/apartamentos-alquiler-renacimiento/1292097/
https://www.supercasas.com/apartamentos-alquiler-naco/1293046/
https://www.supercasas.com/casas-venta-y-alquiler-la-meseta/1278486/
https://www.supercasas.com/apartamentos-venta-y-alquiler-piantini/1291147/
https://www.supercasas.com/apartamentos-venta-y-alquiler-renacimiento/1301946/
https://www.supercasas.com/apartamentos-alquiler-piantini/1304479/
https://www.supercasas.com/apartamentos-alquiler-serralles/1273494/
https://www.supercasas.com/apartamentos-alquiler-piantini/1291499/
https://www.supercasas.com/apartamentos-alquiler-los-restauradores/1298672/
https://www.supercasas.com/apartamentos-alquiler-piantini/1301722/
https://www.supercasas.com/apartamentos-alquiler-naco/1293087/
https://www.supercasas.com/apartamentos-alquiler-piantini/1296453/
https://www.supercasas.com/apartamentos-alquiler-naco/1293044/
https://www.supercasas.com/apartamentos-alquiler-piantini/1300157/
https://www.supercasas.com/apartamentos-alquiler-serralles/1291483/
https://www.supercasas.com/apartamentos-alquiler-piantini/1304233/
https://www.supercasas.com/apartamentos-alquiler-urbanizacion-fernandez/1301897/
https://www.supercasas.com/apartamentos-alquiler-piantini/1275260/
https://www.supercasas.com/apartamentos-alquiler-piantini/1299001/
https://www.supercasas.com/apartamentos-alquiler-evaristo-morales/1292375/
https://www.supercasas.com/apartamentos-alquiler-bella-vista/1286216/
https://www.supercasas.com/apartamentos-alquiler-piantini/1292747/
https://www.supercasas.com/apartamentos-alquiler-evaristo-morales/1279067/
https://www.supercasas.com/apartamentos-alquiler-evaristo-morales/1290891/
https://www.supercasas.com/apartamentos-alquiler-costa-azul/1303199/
https://www.supercasas.com/apartamentos-alquiler-la-esperilla/1302297/
https://www.supercasas.com/apartamentos-alquiler-piantini/1298592/
https://www.supercasas.com/apartamentos-alquiler-piantini/1301541/
https://www.supercasas.com/apartamentos-alquiler-el-millon/1304476/
https://www.supercasas.com/penthouse-alquiler-la-esperilla/1301544/
https://www.supercasas.com/apartamentos-alquiler-evaristo-morales/1282716/
https://www.supercasas.com/apartamentos-alquiler-santo-domingo-este/1293086/
https://www.supercasas.com/apartamentos-alquiler-bella-vista-norte/1288795/
https://www.supercasas.com/apartamentos-alquiler-los-cacicazgos/1290597/
https://www.supercasas.com/apartamentos-alquiler-el-vergel/1299836/
https://www.supercasas.com/apartamentos-alquiler-evaristo-morales/1299826/
https://www.supercasas.com/apartamentos-alquiler-bella-vista-norte/1304475/
"https://www.supercasas.com/penthouse-alquiler-bavaro,-punta-cana/1301483/"
https://www.supercasas.com/apartamentos-alquiler-naco/1303188/
https://www.supercasas.com/apartamentos-alquiler-piantini/1282355/
https://www.supercasas.com/apartamentos-alquiler-naco/1299838/
https://www.supercasas.com/apartamentos-alquiler-costa-azul/1303195/
https://www.supercasas.com/apartamentos-alquiler-la-isabela/1290601/
https://www.supercasas.com/apartamentos-alquiler-piantini/1301918/
https://www.supercasas.com/casas-alquiler-altos-de-arroyo-hondo-ii/1303560/
https://www.supercasas.com/apartamentos-alquiler-la-julia/1286847/
https://www.supercasas.com/apartamentos-alquiler-arroyo-hondo-viejo/1302330/
https://www.supercasas.com/apartamentos-alquiler-piantini/1296017/
https://www.supercasas.com/apartamentos-alquiler-renacimiento/1292097/
https://www.supercasas.com/apartamentos-alquiler-naco/1293046/
https://www.supercasas.com/casas-venta-y-alquiler-la-meseta/1278486/
https://www.supercasas.com/apartamentos-venta-y-alquiler-piantini/1291147/
https://www.supercasas.com/apartamentos-venta-y-alquiler-renacimiento/1301946/
https://www.supercasas.com/apartamentos-alquiler-piantini/1304479/
https://www.supercasas.com/apartamentos-alquiler-serralles/1273494/
https://www.supercasas.com/apartamentos-alquiler-piantini/1291499/
https://www.supercasas.com/apartamentos-alquiler-los-restauradores/1298672/
https://www.supercasas.com/apartamentos-alquiler-piantini/1301722/
https://www.supercasas.com/apartamentos-alquiler-naco/1293087/
https://www.supercasas.com/apartamentos-alquiler-piantini/1296453/
https://www.supercasas.com/apartamentos-alquiler-naco/1293044/
https://www.supercasas.com/apartamentos-alquiler-piantini/1300157/
https://www.supercasas.com/apartamentos-alquiler-serralles/1291483/
https://www.supercasas.com/apartamentos-alquiler-piantini/1304233/
https://www.supercasas.com/apartamentos-alquiler-urbanizacion-fernandez/1301897/
https://www.supercasas.com/apartamentos-alquiler-piantini/1275260/
https://www.supercasas.com/apartamentos-alquiler-piantini/1299001/
https://www.supercasas.com/apartamentos-alquiler-evaristo-morales/1292375/
https://www.supercasas.com/apartamentos-alquiler-bella-vista/1286216/
https://www.supercasas.com/apartamentos-alquiler-piantini/1292747/
https://www.supercasas.com/apartamentos-alquiler-evaristo-morales/1279067/
https://www.supercasas.com/apartamentos-alquiler-evaristo-morales/1290891/
https://www.supercasas.com/apartamentos-alquiler-costa-azul/1303199/
https://www.supercasas.com/apartamentos-alquiler-la-esperilla/1302297/
https://www.supercasas.com/apartamentos-alquiler-piantini/1298592/
https://www.supercasas.com/apartamentos-alquiler-piantini/1301541/
https://www.supercasas.com/apartamentos-alquiler-el-millon/1304476/
https://www.supercasas.com/penthouse-alquiler-la-esperilla/1301544/
https://www.supercasas.com/apartamentos-alquiler-evaristo-morales/1282716/
https://www.supercasas.com/apartamentos-alquiler-santo-domingo-este/1293086/
https://www.supercasas.com/apartamentos-alquiler-bella-vista-norte/1288795/
https://www.supercasas.com/apartamentos-alquiler-los-cacicazgos/1290597/
https://www.supercasas.com/apartamentos-alquiler-el-vergel/1299836/
https://www.supercasas.com/apartamentos-alquiler-evaristo-morales/1299826/
https://www.supercasas.com/apartamentos-alquiler-bella-vista-norte/1304475/
"https://www.supercasas.com/penthouse-alquiler-bavaro,-punta-cana/1301483/"
https://www.supercasas.com/apartamentos-alquiler-naco/1303188/
https://www.supercasas.com/apartamentos-alquiler-piantini/1282355/
https://www.supercasas.com/apartamentos-alquiler-naco/1299838/
https://www.supercasas.com/apartamentos-alquiler-costa-azul/1303195/
https://www.supercasas.com/apartamentos-alquiler-la-isabela/1290601/
https://www.supercasas.com/apartamentos-alquiler-gazcue/1295456/
https://www.supercasas.com/penthouse-alquiler-mirador-sur/1297470/
https://www.supercasas.com/apartamentos-alquiler-los-cacicazgos/1298627/
https://www.supercasas.com/apartamentos-alquiler-el-vergel/1291800/
https://www.supercasas.com/apartamentos-alquiler-julieta-morales/1303366/
https://www.supercasas.com/apartamentos-alquiler-renacimiento/1303350/
https://www.supercasas.com/apartamentos-alquiler-naco/1304029/
https://www.supercasas.com/apartamentos-alquiler-mirador-sur/1292245/
https://www.supercasas.com/apartamentos-alquiler-mirador-norte/1303230/
https://www.supercasas.com/apartamentos-alquiler-costa-azul/1302954/
https://www.supercasas.com/apartamentos-alquiler-mirador-norte/1298626/
https://www.supercasas.com/apartamentos-alquiler-el-millon/1303850/
https://www.supercasas.com/apartamentos-alquiler-los-cacicazgos/1303702/
https://www.supercasas.com/apartamentos-alquiler-mirador-sur/1304404/
https://www.supercasas.com/apartamentos-alquiler-gazcue/1304031/
https://www.supercasas.com/apartamentos-alquiler-la-esperilla/1303662/
https://www.supercasas.com/apartamentos-alquiler-mirador-sur/1299197/
https://www.supercasas.com/apartamentos-alquiler-evaristo-morales/1303727/
https://www.supercasas.com/apartamentos-alquiler-evaristo-morales/1303914/
https://www.supercasas.com/apartamentos-alquiler-bella-vista/1303855/
https://www.supercasas.com/apartamentos-alquiler-bella-vista-norte/1303908/
https://www.supercasas.com/apartamentos-alquiler-julieta-morales/1299199/
https://www.supercasas.com/apartamentos-alquiler-piantini/1287821/
https://www.supercasas.com/apartamentos-alquiler-bella-vista/1304715/
https://www.supercasas.com/apartamentos-venta-y-alquiler-la-esperilla/1301303/
https://www.supercasas.com/apartamentos-alquiler-evaristo-morales/1294165/
https://www.supercasas.com/apartamentos-alquiler-la-esperilla/1304714/
https://www.supercasas.com/apartamentos-alquiler-la-esperilla/1304717/
https://www.supercasas.com/apartamentos-alquiler-altos-de-arroyo-hondo/1297391/
https://www.supercasas.com/apartamentos-alquiler-piantini/1273922/
https://www.supercasas.com/apartamentos-alquiler-serralles/1297451/
https://www.supercasas.com/apartamentos-alquiler-gazcue/1303900/
https://www.supercasas.com/apartamentos-alquiler-ensanche-paraiso/1304180/
https://www.supercasas.com/apartamentos-venta-y-alquiler-piantini/1299859/
https://www.supercasas.com/apartamentos-alquiler-paraiso/1294159/
https://www.supercasas.com/apartamentos-alquiler-juan-dolio/1297882/
https://www.supercasas.com/apartamentos-alquiler-la-julia/1304712/
https://www.supercasas.com/apartamentos-alquiler-naco/1289702/
https://www.supercasas.com/apartamentos-alquiler-la-esperilla/1265904/
https://www.supercasas.com/oficinas-alquiler-av--27-de-febrero/1297934/
https://www.supercasas.com/apartamentos-alquiler-evaristo-morales/1271056/
https://www.supercasas.com/apartamentos-alquiler-la-esperilla/1302908/
https://www.supercasas.com/apartamentos-alquiler-la-esperilla/1304713/
https://www.supercasas.com/apartamentos-alquiler-bella-vista/1297616/
https://www.supercasas.com/apartamentos-alquiler-ensanche-paraiso/1296537/
https://www.supercasas.com/apartamentos-alquiler-bella-vista/1300384/
https://www.supercasas.com/apartamentos-alquiler-piantini/1300347/
https://www.supercasas.com/apartamentos-alquiler-urbanizacion-real/1301720/
https://www.supercasas.com/apartamentos-alquiler-los-cacicazgos/1298704/
https://www.supercasas.com/apartamentos-alquiler-naco/1297750/
https://www.supercasas.com/apartamentos-alquiler-piantini/1298447/
https://www.supercasas.com/apartamentos-alquiler-piantini/1300323/
https://www.supercasas.com/apartamentos-alquiler-naco/1300325/
https://www.supercasas.com/apartamentos-alquiler-mirador-sur/1300080/
https://www.supercasas.com/apartamentos-alquiler-piantini/1298441/
https://www.supercasas.com/apartamentos-alquiler-julieta-morales/1299064/
https://www.supercasas.com/apartamentos-alquiler-evaristo-morales/1299727/
https://www.supercasas.com/apartamentos-precio-las-dianas/1303137/
https://www.supercasas.com/apartamentos-alquiler-ensanche-paraiso/1301136/
https://www.supercasas.com/apartamentos-alquiler-evaristo-morales/1302306/
https://www.supercasas.com/apartamentos-alquiler-santiago/1301098/
https://www.supercasas.com/apartamentos-alquiler-naco/1304116/
https://www.supercasas.com/apartamentos-alquiler-bella-vista/1302506/
https://www.supercasas.com/apartamentos-alquiler-piantini/1297748/
https://www.supercasas.com/villas-venta-y-alquiler-juan-dolio/1299587/
https://www.supercasas.com/apartamentos-alquiler-piantini/1298448/
https://www.supercasas.com/apartamentos-alquiler-evaristo-morales/1303506/
https://www.supercasas.com/apartamentos-alquiler-dorado-ll/1304122/
https://www.supercasas.com/apartamentos-alquiler-mirador-norte/1297326/
https://www.supercasas.com/apartamentos-alquiler-piantini/1298450/
https://www.supercasas.com/apartamentos-alquiler-urbanizacion-real/1304320/
